<?xml version="1.0"?>
<projectProfile type="default" version="1.11">
  <projectDirectory>
    <projectProfileFile filesystemName=".zfproject.xml"/>
    <applicationDirectory classNamePrefix="Application_">
      <apisDirectory enabled="false"/>
      <configsDirectory>
        <applicationConfigFile type="ini"/>
      </configsDirectory>
      <controllersDirectory>
        <controllerFile controllerName="Index">
          <actionMethod actionName="index"/>
          <actionMethod actionName="test"/>
        </controllerFile>
        <controllerFile controllerName="Error"/>
        <controllerFile controllerName="Guestbook">
          <actionMethod actionName="index"/>
          <actionMethod actionName="sign"/>
        </controllerFile>
      </controllersDirectory>
      <formsDirectory>
        <formFile formName="Guestbook"/>
        <formFile formName="Registration"/>
        <formFile formName="Auth"/>
      </formsDirectory>
      <layoutsDirectory enabled="false"/>
      <modelsDirectory>
        <dbTableDirectory>
          <dbTableFile dbTableName="Guestbook"/>
          <dbTableFile dbTableName="Members"/>
        </dbTableDirectory>
        <modelFile modelName="Guestbook"/>
        <modelFile modelName="GuestbookMapper"/>
        <modelFile modelName="User"/>
        <modelFile modelName="MemberMapper"/>
        <modelFile modelName="Member"/>
      </modelsDirectory>
      <modulesDirectory>
        <moduleDirectory moduleName="members">
          <apisDirectory enabled="false"/>
          <configsDirectory enabled="false"/>
          <controllersDirectory/>
          <formsDirectory enabled="false"/>
          <layoutsDirectory enabled="false"/>
          <modelsDirectory>
            <dbTableDirectory enabled="false"/>
          </modelsDirectory>
          <viewsDirectory>
            <viewScriptsDirectory/>
            <viewHelpersDirectory/>
            <viewFiltersDirectory/>
          </viewsDirectory>
        </moduleDirectory>
      </modulesDirectory>
      <viewsDirectory>
        <viewScriptsDirectory>
          <viewControllerScriptsDirectory forControllerName="Index">
            <viewScriptFile forActionName="index"/>
          </viewControllerScriptsDirectory>
          <viewControllerScriptsDirectory forControllerName="Error">
            <viewScriptFile forActionName="error"/>
          </viewControllerScriptsDirectory>
          <viewControllerScriptsDirectory forControllerName="Guestbook">
            <viewScriptFile forActionName="index"/>
          </viewControllerScriptsDirectory>
          <viewControllerScriptsDirectory forControllerName="Guestbook">
            <viewScriptFile forActionName="sign"/>
          </viewControllerScriptsDirectory>
          <viewControllerScriptsDirectory forControllerName="Index">
            <viewScriptFile forActionName="test"/>
          </viewControllerScriptsDirectory>
          <viewControllerScriptsDirectory forControllerName="member">
            <viewScriptFile forActionName="create action view Books"/>
          </viewControllerScriptsDirectory>
        </viewScriptsDirectory>
        <viewHelpersDirectory/>
        <viewFiltersDirectory enabled="false"/>
      </viewsDirectory>
      <bootstrapFile filesystemName="Bootstrap.php"/>
    </applicationDirectory>
    <dataDirectory enabled="false">
      <cacheDirectory enabled="false"/>
      <searchIndexesDirectory enabled="false"/>
      <localesDirectory enabled="false"/>
      <logsDirectory enabled="false"/>
      <sessionsDirectory enabled="false"/>
      <uploadsDirectory enabled="false"/>
    </dataDirectory>
    <libraryDirectory>
      <zfStandardLibraryDirectory enabled="false"/>
    </libraryDirectory>
    <publicDirectory>
      <publicStylesheetsDirectory enabled="false"/>
      <publicScriptsDirectory enabled="false"/>
      <publicImagesDirectory enabled="false"/>
      <publicIndexFile filesystemName="index.php"/>
      <htaccessFile filesystemName=".htaccess"/>
    </publicDirectory>
    <projectProvidersDirectory enabled="false"/>
    <temporaryDirectory enabled="false"/>
    <testsDirectory>
      <testPHPUnitConfigFile filesystemName="phpunit.xml"/>
      <testApplicationDirectory>
        <testApplicationBootstrapFile filesystemName="bootstrap.php"/>
        <testApplicationControllerDirectory>
          <testApplicationControllerFile/>
        </testApplicationControllerDirectory>
      </testApplicationDirectory>
      <testLibraryDirectory>
        <testLibraryBootstrapFile filesystemName="bootstrap.php"/>
      </testLibraryDirectory>
    </testsDirectory>
  </projectDirectory>
</projectProfile>
